사용월,호선명,역ID,지하철역,유임승차,유임하차,무임승차,무임하차,작업일시
Sep-19,1호선,150,서울역,1425056 ,1352776 ,210484 ,203270 ,2019-10-03 12:45
Sep-19,1호선,151,시청,618215 ,628580 ,104482 ,105584 ,2019-10-03 12:45
Sep-19,1호선,152,종각,1042905 ,1010405 ,151384 ,142575 ,2019-10-03 12:45
Sep-19,1호선,153,종로3가,587524 ,548967 ,357984 ,334959 ,2019-10-03 12:45
Sep-19,1호선,154,종로5가,481849 ,495179 ,260406 ,249585 ,2019-10-03 12:45
Sep-19,1호선,155,동대문,306897 ,347606 ,128585 ,133065 ,2019-10-03 12:45
Sep-19,1호선,156,신설동,340193 ,332610 ,117901 ,112038 ,2019-10-03 12:45
Sep-19,1호선,157,제기동,264818 ,256270 ,332466 ,356572 ,2019-10-03 12:45
Sep-19,1호선,158,청량리(서울시립대입구),425923 ,437537 ,311691 ,320377 ,2019-10-03 12:45
Sep-19,1호선,159,동묘앞,171418 ,185901 ,145778 ,147766 ,2019-10-03 12:45
Sep-19,2호선,201,시청,650250 ,609916 ,58994 ,53582 ,2019-10-03 12:45
Sep-19,2호선,202,을지로입구,1335420 ,1336246 ,113731 ,105375 ,2019-10-03 12:45
Sep-19,2호선,203,을지로3가,565726 ,561529 ,86211 ,85275 ,2019-10-03 12:45
Sep-19,2호선,204,을지로4가,267183 ,270762 ,84437 ,81628 ,2019-10-03 12:45
Sep-19,2호선,205,동대문역사문화공원,461166 ,539068 ,55634 ,59669 ,2019-10-03 12:45
Sep-19,2호선,206,신당,333089 ,341851 ,98569 ,100734 ,2019-10-03 12:45
Sep-19,2호선,207,상왕십리,352174 ,330559 ,66047 ,66176 ,2019-10-03 12:45
Sep-19,2호선,208,왕십리(성동구청),516223 ,411035 ,56989 ,48087 ,2019-10-03 12:45
Sep-19,2호선,209,한양대,349837 ,408869 ,14566 ,15622 ,2019-10-03 12:45
Sep-19,2호선,210,뚝섬,483220 ,518755 ,60797 ,61327 ,2019-10-03 12:45
Sep-19,2호선,211,성수,704820 ,775204 ,101162 ,102296 ,2019-10-03 12:45
Sep-19,2호선,212,건대입구,1149300 ,1270583 ,93845 ,96929 ,2019-10-03 12:45
Sep-19,2호선,213,구의(광진구청),586406 ,556948 ,103966 ,104928 ,2019-10-03 12:45
Sep-19,2호선,214,강변(동서울터미널),1151211 ,1144489 ,141369 ,137983 ,2019-10-03 12:45
Sep-19,2호선,215,잠실나루,362822 ,352666 ,86146 ,86966 ,2019-10-03 12:45
Sep-19,2호선,216,잠실(송파구청),2161212 ,2093299 ,199758 ,190373 ,2019-10-03 12:45
Sep-19,2호선,217,잠실새내,582055 ,590299 ,107923 ,107874 ,2019-10-03 12:45
Sep-19,2호선,218,종합운동장,320840 ,368926 ,54750 ,57269 ,2019-10-03 12:45
Sep-19,2호선,219,삼성(무역센터),1471726 ,1515737 ,116249 ,109457 ,2019-10-03 12:45
Sep-19,2호선,220,선릉,1287492 ,1153211 ,204140 ,180555 ,2019-10-03 12:45
Sep-19,2호선,221,역삼,1145036 ,1293648 ,155071 ,157892 ,2019-10-03 12:45
Sep-19,2호선,222,강남,2525088 ,2608118 ,164865 ,148298 ,2019-10-03 12:45
Sep-19,2호선,223,교대(법원.검찰청),880001 ,1005344 ,161578 ,183595 ,2019-10-03 12:45
Sep-19,2호선,224,서초,616179 ,617011 ,94095 ,92206 ,2019-10-03 12:45
Sep-19,2호선,225,방배,500819 ,519933 ,79863 ,78815 ,2019-10-03 12:45
Sep-19,2호선,226,사당,1029327 ,1158895 ,204993 ,194063 ,2019-10-03 12:45
Sep-19,2호선,227,낙성대,751857 ,718878 ,109934 ,111746 ,2019-10-03 12:45
Sep-19,2호선,228,서울대입구(관악구청),1328702 ,1280408 ,189953 ,182598 ,2019-10-03 12:45
Sep-19,2호선,229,봉천,577437 ,518162 ,151837 ,152168 ,2019-10-03 12:45
Sep-19,2호선,230,신림,1754652 ,1688405 ,237454 ,240149 ,2019-10-03 12:45
Sep-19,2호선,231,신대방,704195 ,663738 ,130886 ,131219 ,2019-10-03 12:45
Sep-19,2호선,232,구로디지털단지,1595725 ,1592450 ,172219 ,174816 ,2019-10-03 12:45
Sep-19,2호선,233,대림(구로구청),727914 ,750587 ,114215 ,118062 ,2019-10-03 12:45
Sep-19,2호선,234,신도림,1472402 ,1477299 ,210009 ,199389 ,2019-10-03 12:45
Sep-19,2호선,235,문래,481560 ,491063 ,83210 ,82040 ,2019-10-03 12:45
Sep-19,2호선,236,영등포구청,522327 ,531655 ,100702 ,98779 ,2019-10-03 12:45
Sep-19,2호선,237,당산,573695 ,634566 ,68857 ,73769 ,2019-10-03 12:45
Sep-19,2호선,238,합정,885595 ,955766 ,72366 ,72901 ,2019-10-03 12:45
Sep-19,2호선,239,홍대입구,2120984 ,2296877 ,107529 ,105393 ,2019-10-03 12:45
Sep-19,2호선,240,신촌,1211444 ,1249883 ,134297 ,132139 ,2019-10-03 12:45
Sep-19,2호선,241,이대,529371 ,568245 ,61225 ,62485 ,2019-10-03 12:45
Sep-19,2호선,242,아현,252904 ,242551 ,64730 ,63489 ,2019-10-03 12:45
Sep-19,2호선,243,충정로(경기대입구),261925 ,281545 ,50753 ,50656 ,2019-10-03 12:45
Sep-19,2호선,244,용답,66083 ,68705 ,17470 ,16484 ,2019-10-03 12:45
Sep-19,2호선,245,신답,36119 ,39625 ,9914 ,10603 ,2019-10-03 12:45
Sep-19,2호선,246,신설동,82942 ,75799 ,33790 ,36352 ,2019-10-03 12:45
Sep-19,2호선,247,도림천,27480 ,29365 ,7275 ,7691 ,2019-10-03 12:45
Sep-19,2호선,248,양천구청,164676 ,172306 ,46633 ,47882 ,2019-10-03 12:45
Sep-19,2호선,249,신정네거리,221971 ,228748 ,67432 ,69638 ,2019-10-03 12:45
Sep-19,2호선,250,용두(동대문구청),46291 ,46755 ,24274 ,25999 ,2019-10-03 12:45
Sep-19,3호선,309,지축,28253 ,28816 ,10483 ,12235 ,2019-10-03 12:45
Sep-19,3호선,310,구파발,533590 ,502842 ,116735 ,110684 ,2019-10-03 12:45
Sep-19,3호선,311,연신내,932428 ,872287 ,269834 ,260835 ,2019-10-03 12:45
Sep-19,3호선,312,불광,396868 ,431049 ,145774 ,161671 ,2019-10-03 12:45
Sep-19,3호선,313,녹번,339337 ,290104 ,69088 ,67742 ,2019-10-03 12:45
Sep-19,3호선,314,홍제,420840 ,395209 ,142578 ,141866 ,2019-10-03 12:45
Sep-19,3호선,315,무악재,86606 ,90516 ,31408 ,33199 ,2019-10-03 12:45
Sep-19,3호선,316,독립문,181258 ,186340 ,77701 ,76847 ,2019-10-03 12:45
Sep-19,3호선,317,경복궁(정부서울청사),665164 ,683338 ,100611 ,93950 ,2019-10-03 12:45
Sep-19,3호선,318,안국,610865 ,643306 ,106698 ,112511 ,2019-10-03 12:45
Sep-19,3호선,319,종로3가,240549 ,311761 ,61592 ,69601 ,2019-10-03 12:45
Sep-19,3호선,320,을지로3가,255324 ,269064 ,55527 ,54104 ,2019-10-03 12:45
Sep-19,3호선,321,충무로,55 ,0 ,2 ,0 ,2019-10-03 12:45
Sep-19,3호선,322,동대입구,329789 ,373160 ,37819 ,40051 ,2019-10-03 12:45
Sep-19,3호선,323,약수,322590 ,312369 ,84920 ,81485 ,2019-10-03 12:45
Sep-19,3호선,324,금호,196052 ,177406 ,55859 ,55043 ,2019-10-03 12:45
Sep-19,3호선,325,옥수,227008 ,234918 ,60057 ,60024 ,2019-10-03 12:45
Sep-19,3호선,326,압구정,799998 ,873387 ,147406 ,145989 ,2019-10-03 12:45
Sep-19,3호선,327,신사,835675 ,912402 ,71094 ,69205 ,2019-10-03 12:45
Sep-19,3호선,328,잠원,148931 ,142293 ,37377 ,36207 ,2019-10-03 12:45
Sep-19,3호선,329,고속터미널,1597571 ,1537282 ,188388 ,179401 ,2019-10-03 12:45
Sep-19,3호선,330,교대(법원.검찰청),367872 ,236111 ,71555 ,42641 ,2019-10-03 12:45
Sep-19,3호선,331,남부터미널(예술의전당),874506 ,892962 ,123488 ,123207 ,2019-10-03 12:45
Sep-19,3호선,332,양재(서초구청),967097 ,1056408 ,163096 ,164635 ,2019-10-03 12:45
Sep-19,3호선,333,매봉,262524 ,252411 ,58355 ,53223 ,2019-10-03 12:45
Sep-19,3호선,334,도곡,136210 ,139005 ,25769 ,23341 ,2019-10-03 12:45
Sep-19,3호선,335,대치,312028 ,297433 ,61670 ,59590 ,2019-10-03 12:45
Sep-19,3호선,336,학여울,55733 ,57486 ,16857 ,16587 ,2019-10-03 12:45
Sep-19,3호선,337,대청,242089 ,214663 ,55826 ,53440 ,2019-10-03 12:45
Sep-19,3호선,338,일원,222024 ,225201 ,64319 ,65013 ,2019-10-03 12:45
Sep-19,3호선,339,수서,433861 ,431409 ,104529 ,102486 ,2019-10-03 12:45
Sep-19,3호선,340,가락시장,205367 ,201145 ,75963 ,74602 ,2019-10-03 12:45
Sep-19,3호선,341,경찰병원,177496 ,176111 ,42227 ,43266 ,2019-10-03 12:45
Sep-19,3호선,342,오금,167496 ,147227 ,28440 ,26319 ,2019-10-03 12:45
Sep-19,4호선,409,당고개,295388 ,268050 ,94556 ,93194 ,2019-10-03 12:45
Sep-19,4호선,410,상계,488562 ,430084 ,117909 ,115250 ,2019-10-03 12:45
Sep-19,4호선,411,노원,542446 ,624792 ,91314 ,89140 ,2019-10-03 12:45
Sep-19,4호선,412,창동,649407 ,701634 ,199013 ,206513 ,2019-10-03 12:45
Sep-19,4호선,413,쌍문,770165 ,676746 ,163128 ,158958 ,2019-10-03 12:45
Sep-19,4호선,414,수유(강북구청),901955 ,887720 ,203662 ,202638 ,2019-10-03 12:45
Sep-19,4호선,415,미아(서울사이버대학),381177 ,353236 ,117593 ,116057 ,2019-10-03 12:45
Sep-19,4호선,416,미아사거리,693984 ,666599 ,181564 ,179141 ,2019-10-03 12:45
Sep-19,4호선,417,길음,575381 ,552661 ,120168 ,119540 ,2019-10-03 12:45
Sep-19,4호선,418,성신여대입구(돈암),637385 ,599454 ,90896 ,88981 ,2019-10-03 12:45
Sep-19,4호선,419,한성대입구(삼선교),414442 ,392100 ,77105 ,76294 ,2019-10-03 12:45
Sep-19,4호선,420,혜화,1048614 ,1084281 ,133133 ,132272 ,2019-10-03 12:45
Sep-19,4호선,421,동대문,536648 ,543518 ,138575 ,129601 ,2019-10-03 12:45
Sep-19,4호선,422,동대문역사문화공원,568410 ,513252 ,59222 ,53845 ,2019-10-03 12:45
Sep-19,4호선,423,충무로,788893 ,803254 ,125159 ,125683 ,2019-10-03 12:45
Sep-19,4호선,424,명동,1022664 ,1106224 ,70812 ,72788 ,2019-10-03 12:45
Sep-19,4호선,425,회현(남대문시장),650668 ,698459 ,182949 ,182681 ,2019-10-03 12:45
Sep-19,4호선,426,서울역,344681 ,616024 ,39058 ,50671 ,2019-10-03 12:45
Sep-19,4호선,427,숙대입구(갈월),429494 ,419049 ,56398 ,52739 ,2019-10-03 12:45
Sep-19,4호선,428,삼각지,111807 ,135517 ,26955 ,28665 ,2019-10-03 12:45
Sep-19,4호선,429,신용산,413645 ,433503 ,50051 ,50095 ,2019-10-03 12:45
Sep-19,4호선,430,이촌(국립중앙박물관),221844 ,243751 ,47769 ,50424 ,2019-10-03 12:45
Sep-19,4호선,431,동작(현충원),58239 ,62160 ,21431 ,21424 ,2019-10-03 12:45
Sep-19,4호선,432,총신대입구(이수),460246 ,511778 ,151626 ,158938 ,2019-10-03 12:45
Sep-19,4호선,433,사당,751507 ,647328 ,93991 ,95711 ,2019-10-03 12:45
Sep-19,4호선,434,남태령,36791 ,26845 ,8648 ,7897 ,2019-10-03 12:45
Sep-19,경부선,1001,서울역,204983 ,44877 ,12481 ,2444 ,2019-10-03 12:45
Sep-19,경부선,1002,남영,278602 ,300700 ,37472 ,39220 ,2019-10-03 12:45
Sep-19,경부선,1003,용산,1099750 ,1127645 ,130918 ,130138 ,2019-10-03 12:45
Sep-19,경부선,1004,노량진,313393 ,291194 ,39098 ,36935 ,2019-10-03 12:45
Sep-19,경부선,1005,대방,347821 ,350980 ,70038 ,70522 ,2019-10-03 12:45
Sep-19,경부선,1006,영등포,1162450 ,1222139 ,284088 ,283199 ,2019-10-03 12:45
Sep-19,경부선,1007,신도림,100361 ,100595 ,23883 ,27019 ,2019-10-03 12:45
Sep-19,경부선,1032,신길,239569 ,195457 ,43673 ,40815 ,2019-10-03 12:45
Sep-19,경부선,1701,구로,474501 ,491528 ,91208 ,87552 ,2019-10-03 12:45
Sep-19,경부선,1702,가산디지털단지,437274 ,513448 ,31287 ,34183 ,2019-10-03 12:45
Sep-19,경부선,1703,금천구청,284718 ,274051 ,79122 ,79069 ,2019-10-03 12:45
Sep-19,경부선,1704,석수,294919 ,259734 ,48665 ,45866 ,2019-10-03 12:45
Sep-19,경부선,1705,관악,192330 ,180777 ,54432 ,53440 ,2019-10-03 12:45
Sep-19,경부선,1706,안양,726104 ,720954 ,118239 ,121059 ,2019-10-03 12:45
Sep-19,경부선,1707,명학,250442 ,250946 ,43281 ,43684 ,2019-10-03 12:45
Sep-19,경부선,1708,금정,669453 ,679888 ,107110 ,108448 ,2019-10-03 12:45
Sep-19,경부선,1709,군포,183120 ,175637 ,34095 ,32813 ,2019-10-03 12:45
Sep-19,경부선,1710,의왕,232948 ,226270 ,40588 ,40186 ,2019-10-03 12:45
Sep-19,경부선,1711,성균관대,422491 ,413489 ,51489 ,51895 ,2019-10-03 12:45
Sep-19,경부선,1712,화서,204439 ,198985 ,43320 ,43312 ,2019-10-03 12:45
Sep-19,경부선,1713,수원,1274404 ,1341199 ,151830 ,159414 ,2019-10-03 12:45
Sep-19,경부선,1714,독산,407688 ,427722 ,64442 ,67307 ,2019-10-03 12:45
Sep-19,경부선,1715,세류,100757 ,94418 ,18008 ,17990 ,2019-10-03 12:45
Sep-19,경부선,1716,병점,448151 ,444786 ,60491 ,59762 ,2019-10-03 12:45
Sep-19,경부선,1717,세마,74303 ,67383 ,15346 ,14499 ,2019-10-03 12:45
Sep-19,경부선,1718,오산대,91649 ,91055 ,14631 ,14051 ,2019-10-03 12:45
Sep-19,경부선,1719,오산,287149 ,274154 ,44568 ,44649 ,2019-10-03 12:45
Sep-19,경부선,1720,진위,44069 ,38075 ,8202 ,7901 ,2019-10-03 12:45
Sep-19,경부선,1721,송탄,133008 ,131322 ,23703 ,23237 ,2019-10-03 12:45
Sep-19,경부선,1722,서정리,152295 ,150574 ,24995 ,24658 ,2019-10-03 12:45
Sep-19,경부선,1723,지제,74734 ,70183 ,8933 ,8955 ,2019-10-03 12:45
Sep-19,경부선,1724,평택,381187 ,379114 ,67481 ,65820 ,2019-10-03 12:45
Sep-19,경부선,1725,성환,144359 ,142474 ,20991 ,20567 ,2019-10-03 12:45
Sep-19,경부선,1726,직산,23577 ,24936 ,5721 ,5632 ,2019-10-03 12:45
Sep-19,경부선,1727,두정,175417 ,195040 ,22038 ,22807 ,2019-10-03 12:45
Sep-19,경부선,1728,천안,196504 ,175346 ,56412 ,55958 ,2019-10-03 12:45
Sep-19,경부선,1729,당정,187884 ,179959 ,29658 ,28773 ,2019-10-03 12:45
Sep-19,경부선,1749,서동탄,44503 ,36985 ,9688 ,9145 ,2019-10-03 12:45
Sep-19,경부선,1750,광명,89625 ,69570 ,7616 ,6365 ,2019-10-03 12:45
Sep-19,경인선,1801,개봉,545743 ,532092 ,158761 ,163696 ,2019-10-03 12:45
Sep-19,경인선,1802,오류동,280906 ,253997 ,96794 ,94279 ,2019-10-03 12:45
Sep-19,경인선,1803,역곡,777153 ,752327 ,151496 ,154262 ,2019-10-03 12:45
Sep-19,경인선,1804,부천,949601 ,957031 ,216386 ,220004 ,2019-10-03 12:45
Sep-19,경인선,1805,송내,804199 ,798428 ,120635 ,119565 ,2019-10-03 12:45
Sep-19,경인선,1806,부평,938857 ,1028446 ,140931 ,143890 ,2019-10-03 12:45
Sep-19,경인선,1807,백운,192626 ,185264 ,65300 ,66263 ,2019-10-03 12:45
Sep-19,경인선,1808,동암,427392 ,425193 ,103045 ,103379 ,2019-10-03 12:45
Sep-19,경인선,1809,주안,595092 ,545812 ,94071 ,84773 ,2019-10-03 12:45
Sep-19,경인선,1810,제물포,285402 ,263402 ,60948 ,60770 ,2019-10-03 12:45
Sep-19,경인선,1811,동인천,372160 ,352417 ,128100 ,123948 ,2019-10-03 12:45
Sep-19,경인선,1812,인천,92156 ,68562 ,42911 ,39839 ,2019-10-03 12:45
Sep-19,경인선,1813,구일,213036 ,222141 ,39303 ,39678 ,2019-10-03 12:45
Sep-19,경인선,1814,소사,268149 ,255059 ,72130 ,70851 ,2019-10-03 12:45
Sep-19,경인선,1815,부개,215340 ,197710 ,66414 ,65397 ,2019-10-03 12:45
Sep-19,경인선,1816,간석,149141 ,139995 ,46083 ,44551 ,2019-10-03 12:45
Sep-19,경인선,1817,도원,78971 ,81176 ,34889 ,36587 ,2019-10-03 12:45
Sep-19,경인선,1821,온수(성공회대입구),181546 ,177159 ,49224 ,48132 ,2019-10-03 12:45
Sep-19,경인선,1822,중동,221552 ,204473 ,69260 ,68384 ,2019-10-03 12:45
Sep-19,경인선,1823,도화,87017 ,75852 ,37245 ,36356 ,2019-10-03 12:45
Sep-19,경원선,1008,이촌(국립중앙박물관),98642 ,72519 ,29063 ,23888 ,2019-10-03 12:45
Sep-19,경원선,1009,서빙고,46999 ,44572 ,16571 ,15961 ,2019-10-03 12:45
Sep-19,경원선,1010,한남,97389 ,93755 ,33564 ,30908 ,2019-10-03 12:45
Sep-19,경원선,1011,옥수,1777 ,1138 ,117 ,80 ,2019-10-03 12:45
Sep-19,경원선,1012,응봉,40573 ,33145 ,17059 ,16057 ,2019-10-03 12:45
Sep-19,경원선,1013,왕십리(성동구청),430967 ,468530 ,61586 ,66771 ,2019-10-03 12:45
Sep-19,경원선,1014,청량리(서울시립대입구),360312 ,386061 ,151191 ,159939 ,2019-10-03 12:45
Sep-19,경원선,1016,외대앞,276053 ,262079 ,47379 ,46288 ,2019-10-03 12:45
Sep-19,경원선,1017,신이문,204928 ,179105 ,67564 ,65736 ,2019-10-03 12:45
Sep-19,경원선,1018,석계,229774 ,256119 ,66089 ,69995 ,2019-10-03 12:45
Sep-19,경원선,1019,광운대,240979 ,229592 ,55019 ,54244 ,2019-10-03 12:45
Sep-19,경원선,1020,월계,155506 ,141136 ,59634 ,57209 ,2019-10-03 12:45
Sep-19,경원선,1021,녹천,109570 ,86772 ,40375 ,36911 ,2019-10-03 12:45
Sep-19,경원선,1022,창동,7 ,0 ,1 ,0 ,2019-10-03 12:45
Sep-19,경원선,1901,방학,195228 ,184670 ,106487 ,104668 ,2019-10-03 12:45
Sep-19,경원선,1902,도봉,118904 ,107625 ,68891 ,68615 ,2019-10-03 12:45
Sep-19,경원선,1903,도봉산,153346 ,88067 ,95425 ,76125 ,2019-10-03 12:45
Sep-19,경원선,1904,망월사,207656 ,205609 ,70244 ,72481 ,2019-10-03 12:45
Sep-19,경원선,1905,회룡,245988 ,233487 ,145579 ,145376 ,2019-10-03 12:45
Sep-19,경원선,1906,의정부,523053 ,551850 ,121842 ,123977 ,2019-10-03 12:45
Sep-19,경원선,1907,가능,154494 ,143327 ,60157 ,58421 ,2019-10-03 12:45
Sep-19,경원선,1908,녹양,116500 ,106313 ,36999 ,35421 ,2019-10-03 12:45
Sep-19,경원선,1909,양주,219237 ,197301 ,65729 ,63886 ,2019-10-03 12:45
Sep-19,경원선,1910,덕계,58122 ,48887 ,18706 ,17552 ,2019-10-03 12:45
Sep-19,경원선,1911,덕정,176989 ,170957 ,35430 ,36182 ,2019-10-03 12:45
Sep-19,경원선,1912,지행,177826 ,177137 ,46524 ,46118 ,2019-10-03 12:45
Sep-19,경원선,1913,동두천중앙,72780 ,68087 ,40288 ,40408 ,2019-10-03 12:45
Sep-19,경원선,1914,보산,42210 ,40210 ,14073 ,13382 ,2019-10-03 12:45
Sep-19,경원선,1915,동두천,51406 ,58902 ,19828 ,27830 ,2019-10-03 12:45
Sep-19,경원선,1916,소요산,52419 ,39742 ,75214 ,65124 ,2019-10-03 12:45
Sep-19,안산선,1751,산본,416814 ,451637 ,102759 ,104275 ,2019-10-03 12:45
Sep-19,안산선,1752,대야미,114416 ,99302 ,27873 ,26413 ,2019-10-03 12:45
Sep-19,안산선,1753,반월,112029 ,103474 ,29678 ,29017 ,2019-10-03 12:45
Sep-19,안산선,1754,상록수,533175 ,516976 ,82327 ,83329 ,2019-10-03 12:45
Sep-19,안산선,1755,한대앞,231780 ,226798 ,37179 ,36977 ,2019-10-03 12:45
Sep-19,안산선,1756,중앙,467586 ,497593 ,56283 ,55123 ,2019-10-03 12:45
Sep-19,안산선,1757,고잔,223948 ,217442 ,33598 ,32610 ,2019-10-03 12:45
Sep-19,안산선,1758,초지,126723 ,134541 ,14853 ,15570 ,2019-10-03 12:45
Sep-19,안산선,1759,안산,415111 ,380701 ,38136 ,35701 ,2019-10-03 12:45
Sep-19,안산선,1760,신길온천,42563 ,37369 ,9238 ,8690 ,2019-10-03 12:45
Sep-19,안산선,1761,정왕,252882 ,263888 ,23361 ,24897 ,2019-10-03 12:45
Sep-19,안산선,1762,오이도,276248 ,264967 ,40696 ,40499 ,2019-10-03 12:45
Sep-19,안산선,1763,수리산,96287 ,71791 ,31984 ,29526 ,2019-10-03 12:45
Sep-19,과천선,1450,선바위,235490 ,191428 ,33003 ,31557 ,2019-10-03 12:45
Sep-19,과천선,1451,경마공원,122969 ,126539 ,58123 ,58496 ,2019-10-03 12:45
Sep-19,과천선,1452,대공원,112895 ,119873 ,41049 ,42781 ,2019-10-03 12:45
Sep-19,과천선,1453,과천,118316 ,101693 ,34908 ,33794 ,2019-10-03 12:45
Sep-19,과천선,1454,정부과천청사,279515 ,278309 ,65780 ,63178 ,2019-10-03 12:45
Sep-19,과천선,1455,인덕원,634404 ,636947 ,106557 ,109863 ,2019-10-03 12:45
Sep-19,과천선,1456,평촌,438510 ,430156 ,65163 ,65007 ,2019-10-03 12:45
Sep-19,과천선,1457,범계,736459 ,725659 ,107307 ,104564 ,2019-10-03 12:45
Sep-19,분당선,1023,선릉,276675 ,458876 ,35085 ,49731 ,2019-10-03 12:45
Sep-19,분당선,1024,한티,366220 ,383879 ,67367 ,68987 ,2019-10-03 12:45
Sep-19,분당선,1025,도곡,152857 ,154547 ,43572 ,42610 ,2019-10-03 12:45
Sep-19,분당선,1026,구룡,38257 ,36318 ,12915 ,12918 ,2019-10-03 12:45
Sep-19,분당선,1027,개포동,74720 ,77412 ,23026 ,23606 ,2019-10-03 12:45
Sep-19,분당선,1028,대모산입구,69939 ,61976 ,29425 ,29057 ,2019-10-03 12:45
Sep-19,분당선,1030,수서,364659 ,370298 ,64844 ,66871 ,2019-10-03 12:45
Sep-19,분당선,1031,복정,16 ,0 ,3 ,0 ,2019-10-03 12:45
Sep-19,분당선,1846,수원,247504 ,169045 ,27577 ,16793 ,2019-10-03 12:45
Sep-19,분당선,1847,서울숲,229375 ,233161 ,24551 ,23737 ,2019-10-03 12:45
Sep-19,분당선,1848,압구정로데오,416347 ,481220 ,40132 ,38684 ,2019-10-03 12:45
Sep-19,분당선,1849,강남구청,218328 ,257869 ,39259 ,42905 ,2019-10-03 12:45
Sep-19,분당선,1850,선정릉,176580 ,192891 ,35838 ,35716 ,2019-10-03 12:45
Sep-19,분당선,1851,가천대,291916 ,328393 ,25893 ,28042 ,2019-10-03 12:45
Sep-19,분당선,1852,태평,328737 ,312194 ,87210 ,89627 ,2019-10-03 12:45
Sep-19,분당선,1853,모란,500574 ,496929 ,163426 ,178592 ,2019-10-03 12:45
Sep-19,분당선,1854,야탑,674046 ,717737 ,164602 ,164794 ,2019-10-03 12:45
Sep-19,분당선,1855,서현,657293 ,674427 ,130177 ,127791 ,2019-10-03 12:45
Sep-19,분당선,1856,수내,313787 ,313247 ,75840 ,75101 ,2019-10-03 12:45
Sep-19,분당선,1857,정자,400143 ,431693 ,72987 ,74123 ,2019-10-03 12:45
Sep-19,분당선,1858,미금,383664 ,411885 ,111219 ,121295 ,2019-10-03 12:45
Sep-19,분당선,1859,오리,284566 ,240824 ,82585 ,70456 ,2019-10-03 12:45
Sep-19,분당선,1860,이매,151404 ,140306 ,40764 ,39438 ,2019-10-03 12:45
Sep-19,분당선,1861,보정,56095 ,44344 ,24170 ,22749 ,2019-10-03 12:45
Sep-19,분당선,1862,죽전,396529 ,434373 ,79056 ,86012 ,2019-10-03 12:45
Sep-19,분당선,1863,구성,110864 ,110436 ,37470 ,37229 ,2019-10-03 12:45
Sep-19,분당선,1864,신갈,106937 ,102376 ,33459 ,33190 ,2019-10-03 12:45
Sep-19,분당선,1865,기흥,276063 ,263764 ,42587 ,42256 ,2019-10-03 12:45
Sep-19,분당선,1866,상갈,139604 ,130884 ,33667 ,31830 ,2019-10-03 12:45
Sep-19,분당선,1867,청명,111142 ,102532 ,18688 ,18858 ,2019-10-03 12:45
Sep-19,분당선,1868,영통,257287 ,263209 ,30313 ,30637 ,2019-10-03 12:45
Sep-19,분당선,1869,망포,371263 ,341758 ,33684 ,32227 ,2019-10-03 12:45
Sep-19,분당선,1870,매탄권선,120897 ,114044 ,16794 ,16413 ,2019-10-03 12:45
Sep-19,분당선,1871,수원시청,311189 ,354166 ,37345 ,37946 ,2019-10-03 12:45
Sep-19,분당선,1872,매교,57378 ,58497 ,15484 ,15972 ,2019-10-03 12:45
Sep-19,일산선,1948,원흥,214322 ,197404 ,49192 ,47776 ,2019-10-03 12:45
Sep-19,일산선,1949,지축,1 ,0 ,0 ,0 ,2019-10-03 12:45
Sep-19,일산선,1950,삼송,438741 ,412548 ,93254 ,92590 ,2019-10-03 12:45
Sep-19,일산선,1951,원당,264644 ,246936 ,84251 ,83346 ,2019-10-03 12:45
Sep-19,일산선,1952,화정,435015 ,451255 ,132424 ,135094 ,2019-10-03 12:45
Sep-19,일산선,1953,대곡,40741 ,30092 ,11193 ,10291 ,2019-10-03 12:45
Sep-19,일산선,1954,백석,252504 ,253845 ,77550 ,76485 ,2019-10-03 12:45
Sep-19,일산선,1955,마두,166660 ,172577 ,75230 ,76737 ,2019-10-03 12:45
Sep-19,일산선,1956,정발산,189746 ,207059 ,58812 ,55858 ,2019-10-03 12:45
Sep-19,일산선,1957,주엽,191388 ,193758 ,94389 ,99820 ,2019-10-03 12:45
Sep-19,일산선,1958,대화,372079 ,283174 ,95214 ,86211 ,2019-10-03 12:45
Sep-19,중앙선,1015,회기,758206 ,730846 ,127225 ,126464 ,2019-10-03 12:45
Sep-19,중앙선,1201,중랑,119445 ,111281 ,51705 ,50477 ,2019-10-03 12:45
Sep-19,중앙선,1202,상봉(시외버스터미널),143662 ,138345 ,39462 ,37463 ,2019-10-03 12:45
Sep-19,중앙선,1203,망우,174490 ,167723 ,70994 ,72393 ,2019-10-03 12:45
Sep-19,중앙선,1204,양원,37265 ,39619 ,15671 ,16177 ,2019-10-03 12:45
Sep-19,중앙선,1205,구리,333697 ,338549 ,85159 ,85645 ,2019-10-03 12:45
Sep-19,중앙선,1206,도농,237741 ,205317 ,62728 ,59870 ,2019-10-03 12:45
Sep-19,중앙선,1207,양정,18228 ,14994 ,9131 ,8219 ,2019-10-03 12:45
Sep-19,중앙선,1208,덕소,137960 ,133260 ,51030 ,50727 ,2019-10-03 12:45
Sep-19,중앙선,1209,도심,61686 ,46356 ,21083 ,19622 ,2019-10-03 12:45
Sep-19,중앙선,1210,팔당,21962 ,22769 ,8199 ,8161 ,2019-10-03 12:45
Sep-19,중앙선,1211,운길산,18878 ,17543 ,9692 ,9469 ,2019-10-03 12:45
Sep-19,중앙선,1212,양수,44729 ,44278 ,22710 ,22895 ,2019-10-03 12:45
Sep-19,중앙선,1213,신원,3949 ,3158 ,3791 ,3336 ,2019-10-03 12:45
Sep-19,중앙선,1214,국수,15749 ,14758 ,9404 ,9418 ,2019-10-03 12:45
Sep-19,중앙선,1215,아신,16504 ,16959 ,6243 ,6270 ,2019-10-03 12:45
Sep-19,중앙선,1216,오빈,5690 ,5505 ,4195 ,4163 ,2019-10-03 12:45
Sep-19,중앙선,1217,양평,71470 ,72909 ,36341 ,36743 ,2019-10-03 12:45
Sep-19,중앙선,1218,원덕,7039 ,6637 ,6616 ,6308 ,2019-10-03 12:45
Sep-19,중앙선,1219,용문,41699 ,41443 ,42235 ,41979 ,2019-10-03 12:45
Sep-19,중앙선,1220,지평,1263 ,760 ,855 ,746 ,2019-10-03 12:45
Sep-19,장항선,1401,봉명,27407 ,26630 ,12452 ,12277 ,2019-10-03 12:45
Sep-19,장항선,1402,쌍용(나사렛대),66622 ,62202 ,14696 ,13731 ,2019-10-03 12:45
Sep-19,장항선,1403,아산,98927 ,83477 ,11043 ,10128 ,2019-10-03 12:45
Sep-19,장항선,1405,배방,25373 ,24839 ,7182 ,6838 ,2019-10-03 12:45
Sep-19,장항선,1407,온양온천,91052 ,92576 ,56283 ,57404 ,2019-10-03 12:45
Sep-19,장항선,1408,신창(순천향대),72140 ,70237 ,8216 ,7573 ,2019-10-03 12:45
Sep-19,경의선,1251,서울역,99916 ,126310 ,14857 ,17724 ,2019-10-03 12:45
Sep-19,경의선,1252,신촌,24534 ,31144 ,3542 ,4255 ,2019-10-03 12:45
Sep-19,경의선,1261,효창공원앞,73206 ,77797 ,15068 ,16575 ,2019-10-03 12:45
Sep-19,경의선,1262,공덕,95073 ,79031 ,12958 ,12544 ,2019-10-03 12:45
Sep-19,경의선,1263,서강대,60111 ,60740 ,10471 ,9859 ,2019-10-03 12:45
Sep-19,경의선,1264,홍대입구,56724 ,68049 ,5766 ,6445 ,2019-10-03 12:45
Sep-19,경의선,1265,가좌,115924 ,103490 ,45383 ,45052 ,2019-10-03 12:45
Sep-19,경의선,1266,디지털미디어시티,62041 ,59499 ,10066 ,10053 ,2019-10-03 12:45
Sep-19,경의선,1267,수색,51298 ,52924 ,14068 ,13897 ,2019-10-03 12:45
Sep-19,경의선,1268,화전,81331 ,76084 ,9228 ,8813 ,2019-10-03 12:45
Sep-19,경의선,1269,강매,69025 ,56167 ,16828 ,16072 ,2019-10-03 12:45
Sep-19,경의선,1270,행신,203312 ,194931 ,34653 ,35356 ,2019-10-03 12:45
Sep-19,경의선,1271,능곡,83430 ,74183 ,29457 ,28980 ,2019-10-03 12:45
Sep-19,경의선,1272,곡산,11829 ,12013 ,5140 ,5166 ,2019-10-03 12:45
Sep-19,경의선,1273,백마,170752 ,156557 ,32409 ,32122 ,2019-10-03 12:45
Sep-19,경의선,1274,풍산,129423 ,117793 ,32135 ,31504 ,2019-10-03 12:45
Sep-19,경의선,1275,일산,218928 ,212446 ,56880 ,57199 ,2019-10-03 12:45
Sep-19,경의선,1276,탄현,192209 ,182755 ,37357 ,36801 ,2019-10-03 12:45
Sep-19,경의선,1277,야당,132296 ,126103 ,27457 ,26954 ,2019-10-03 12:45
Sep-19,경의선,1278,운정,149215 ,137872 ,34227 ,33136 ,2019-10-03 12:45
Sep-19,경의선,1279,금릉,117602 ,116640 ,25022 ,24545 ,2019-10-03 12:45
Sep-19,경의선,1280,금촌,173548 ,169358 ,47044 ,47528 ,2019-10-03 12:45
Sep-19,경의선,1282,월롱,66958 ,64894 ,7717 ,8790 ,2019-10-03 12:45
Sep-19,경의선,1283,파주,50626 ,37393 ,8250 ,6895 ,2019-10-03 12:45
Sep-19,경의선,1284,문산,137785 ,135362 ,45813 ,45424 ,2019-10-03 12:45
Sep-19,경의선,1291,서울역,8 ,0 ,0 ,0 ,2019-10-03 12:45
Sep-19,경의선,1295,김포공항,2 ,0 ,0 ,0 ,2019-10-03 12:45
Sep-19,경의선,1296,계양,5 ,0 ,0 ,0 ,2019-10-03 12:45
Sep-19,경의선,1297,검암,4 ,0 ,0 ,0 ,2019-10-03 12:45
Sep-19,경춘선,1311,신내,16848 ,18117 ,7586 ,7464 ,2019-10-03 12:45
Sep-19,경춘선,1312,갈매,61114 ,51159 ,16797 ,15648 ,2019-10-03 12:45
Sep-19,경춘선,1313,별내,61965 ,58959 ,17733 ,16906 ,2019-10-03 12:45
Sep-19,경춘선,1314,퇴계원,84476 ,75096 ,26869 ,25368 ,2019-10-03 12:45
Sep-19,경춘선,1315,사릉,87057 ,81413 ,19799 ,19234 ,2019-10-03 12:45
Sep-19,경춘선,1316,금곡,32362 ,30547 ,15955 ,15197 ,2019-10-03 12:45
Sep-19,경춘선,1317,평내호평,135546 ,134797 ,42488 ,40344 ,2019-10-03 12:45
Sep-19,경춘선,1318,천마산,33374 ,28983 ,17852 ,17535 ,2019-10-03 12:45
Sep-19,경춘선,1319,마석,91379 ,86518 ,34313 ,34291 ,2019-10-03 12:45
Sep-19,경춘선,1320,대성리,18788 ,18083 ,6375 ,5972 ,2019-10-03 12:45
Sep-19,경춘선,1321,청평,45739 ,42422 ,18210 ,17975 ,2019-10-03 12:45
Sep-19,경춘선,1322,상천,6312 ,5587 ,5868 ,5787 ,2019-10-03 12:45
Sep-19,경춘선,1323,가평,52757 ,52878 ,15533 ,15057 ,2019-10-03 12:45
Sep-19,경춘선,1324,굴봉산,2683 ,2494 ,2395 ,2453 ,2019-10-03 12:45
Sep-19,경춘선,1325,백양리,2222 ,1999 ,1196 ,1219 ,2019-10-03 12:45
Sep-19,경춘선,1326,강촌,14872 ,12191 ,5014 ,4779 ,2019-10-03 12:45
Sep-19,경춘선,1327,김유정,8379 ,9710 ,3776 ,3776 ,2019-10-03 12:45
Sep-19,경춘선,1328,남춘천,70428 ,73454 ,23747 ,25357 ,2019-10-03 12:45
Sep-19,경춘선,1329,춘천,49874 ,45574 ,18672 ,15166 ,2019-10-03 12:45
Sep-19,수인선,1878,달월,1390 ,1166 ,1060 ,682 ,2019-10-03 12:45
Sep-19,수인선,1879,월곶,63429 ,57916 ,14912 ,14746 ,2019-10-03 12:45
Sep-19,수인선,1880,소래포구,114357 ,111566 ,61572 ,60945 ,2019-10-03 12:45
Sep-19,수인선,1881,인천논현,143753 ,151591 ,35280 ,35472 ,2019-10-03 12:45
Sep-19,수인선,1882,호구포,91045 ,90477 ,18662 ,18319 ,2019-10-03 12:45
Sep-19,수인선,1883,남동인더스파크,52477 ,57306 ,5835 ,5833 ,2019-10-03 12:45
Sep-19,수인선,1884,원인재,105162 ,107123 ,29577 ,29729 ,2019-10-03 12:45
Sep-19,수인선,1885,연수,122852 ,121953 ,29450 ,28860 ,2019-10-03 12:45
Sep-19,수인선,1886,송도,59788 ,54226 ,22012 ,21901 ,2019-10-03 12:45
Sep-19,수인선,1888,인하대,164566 ,156517 ,24808 ,23814 ,2019-10-03 12:45
Sep-19,수인선,1889,숭의,81975 ,75990 ,29356 ,28310 ,2019-10-03 12:45
Sep-19,수인선,1890,신포,43778 ,45391 ,12545 ,12851 ,2019-10-03 12:45
Sep-19,수인선,1891,인천,21519 ,41366 ,13645 ,17139 ,2019-10-03 12:45
Sep-19,경강선,1501,판교,108150 ,107663 ,12926 ,10477 ,2019-10-03 12:45
Sep-19,경강선,1502,이매,28992 ,23870 ,6671 ,6202 ,2019-10-03 12:45
Sep-19,경강선,1503,삼동,53572 ,45264 ,10100 ,9838 ,2019-10-03 12:45
Sep-19,경강선,1504,경기광주,183164 ,171956 ,27052 ,27601 ,2019-10-03 12:45
Sep-19,경강선,1505,초월,68973 ,63371 ,12334 ,12068 ,2019-10-03 12:45
Sep-19,경강선,1506,곤지암,54271 ,53782 ,11841 ,12053 ,2019-10-03 12:45
Sep-19,경강선,1507,신둔도예촌,37949 ,33114 ,6435 ,6227 ,2019-10-03 12:45
Sep-19,경강선,1508,이천,71603 ,75716 ,13674 ,14411 ,2019-10-03 12:45
Sep-19,경강선,1509,부발,51303 ,48231 ,7134 ,6876 ,2019-10-03 12:45
Sep-19,경강선,1510,세종대왕릉,6578 ,6677 ,3412 ,3490 ,2019-10-03 12:45
Sep-19,경강선,1511,여주,64384 ,62328 ,16480 ,16030 ,2019-10-03 12:45
Sep-19,5호선,2511,방화,164434 ,154462 ,49079 ,46914 ,2019-10-03 12:45
Sep-19,5호선,2512,개화산,131877 ,125215 ,35803 ,34378 ,2019-10-03 12:45
Sep-19,5호선,2513,김포공항,208285 ,178290 ,31021 ,31597 ,2019-10-03 12:45
Sep-19,5호선,2514,송정,201176 ,190883 ,61817 ,62036 ,2019-10-03 12:45
Sep-19,5호선,2515,마곡,160055 ,147724 ,27201 ,26151 ,2019-10-03 12:45
Sep-19,5호선,2516,발산,445123 ,463090 ,82774 ,79545 ,2019-10-03 12:45
Sep-19,5호선,2517,우장산,359981 ,349659 ,88262 ,91910 ,2019-10-03 12:45
Sep-19,5호선,2518,화곡,716459 ,655842 ,142302 ,135134 ,2019-10-03 12:45
Sep-19,5호선,2519,까치산,714055 ,670488 ,154114 ,154865 ,2019-10-03 12:45
Sep-19,5호선,2520,신정(은행정),324348 ,219091 ,51455 ,44958 ,2019-10-03 12:45
Sep-19,5호선,2521,목동,444832 ,500369 ,84011 ,87531 ,2019-10-03 12:45
Sep-19,5호선,2522,오목교(목동운동장앞),601511 ,663508 ,82459 ,81930 ,2019-10-03 12:45
Sep-19,5호선,2523,양평,159920 ,154994 ,27986 ,27248 ,2019-10-03 12:45
Sep-19,5호선,2524,영등포구청,80397 ,82864 ,18908 ,19181 ,2019-10-03 12:45
Sep-19,5호선,2525,영등포시장,204500 ,216476 ,76230 ,78772 ,2019-10-03 12:45
Sep-19,5호선,2526,신길,85360 ,95389 ,10849 ,11348 ,2019-10-03 12:45
Sep-19,5호선,2527,여의도,609687 ,671282 ,50226 ,48159 ,2019-10-03 12:45
Sep-19,5호선,2528,여의나루,372422 ,384451 ,29193 ,28260 ,2019-10-03 12:45
Sep-19,5호선,2529,마포,332929 ,341965 ,61907 ,61068 ,2019-10-03 12:45
Sep-19,5호선,2530,공덕,350733 ,380858 ,44672 ,42273 ,2019-10-03 12:45
Sep-19,5호선,2531,애오개,167542 ,167415 ,40072 ,38231 ,2019-10-03 12:45
Sep-19,5호선,2532,충정로(경기대입구),111755 ,113751 ,16362 ,17045 ,2019-10-03 12:45
Sep-19,5호선,2533,서대문,454569 ,467255 ,67465 ,65130 ,2019-10-03 12:45
Sep-19,5호선,2534,광화문(세종문화회관),884358 ,936802 ,99067 ,95557 ,2019-10-03 12:45
Sep-19,5호선,2535,종로3가,333209 ,317385 ,113751 ,119681 ,2019-10-03 12:45
Sep-19,5호선,2536,을지로4가,107740 ,115278 ,40461 ,40179 ,2019-10-03 12:45
Sep-19,5호선,2537,동대문역사문화공원,70873 ,83625 ,7878 ,8842 ,2019-10-03 12:45
Sep-19,5호선,2538,청구,94858 ,88714 ,27194 ,20964 ,2019-10-03 12:45
Sep-19,5호선,2539,신금호,151142 ,149454 ,37761 ,41701 ,2019-10-03 12:45
Sep-19,5호선,2540,행당,198636 ,172053 ,48888 ,43996 ,2019-10-03 12:45
Sep-19,5호선,2541,왕십리(성동구청),113637 ,136265 ,25718 ,24905 ,2019-10-03 12:45
Sep-19,5호선,2542,마장,139279 ,133790 ,45489 ,44541 ,2019-10-03 12:45
Sep-19,5호선,2543,답십리,383513 ,343656 ,76798 ,73819 ,2019-10-03 12:45
Sep-19,5호선,2544,장한평,426857 ,423786 ,96318 ,97545 ,2019-10-03 12:45
Sep-19,5호선,2545,군자(능동),277351 ,304762 ,37945 ,41109 ,2019-10-03 12:45
Sep-19,5호선,2546,아차산(어린이대공원후문),345281 ,328632 ,93347 ,91648 ,2019-10-03 12:45
Sep-19,5호선,2547,광나루(장신대),342103 ,307756 ,67800 ,64727 ,2019-10-03 12:45
Sep-19,5호선,2548,천호(풍납토성),433031 ,450426 ,133138 ,142376 ,2019-10-03 12:45
Sep-19,5호선,2549,강동,483945 ,423022 ,105027 ,95252 ,2019-10-03 12:45
Sep-19,5호선,2550,길동,151506 ,157724 ,63587 ,65877 ,2019-10-03 12:45
Sep-19,5호선,2551,굽은다리(강동구민회관앞),215997 ,202818 ,65199 ,60623 ,2019-10-03 12:45
Sep-19,5호선,2552,명일,188645 ,191959 ,63393 ,65917 ,2019-10-03 12:45
Sep-19,5호선,2553,고덕,214578 ,209057 ,63316 ,62300 ,2019-10-03 12:45
Sep-19,5호선,2554,상일동,291541 ,237689 ,67679 ,63404 ,2019-10-03 12:45
Sep-19,5호선,2555,둔촌동,194724 ,195452 ,61692 ,63209 ,2019-10-03 12:45
Sep-19,5호선,2556,올림픽공원(한국체대),116925 ,108472 ,33081 ,30988 ,2019-10-03 12:45
Sep-19,5호선,2557,방이,168078 ,171788 ,44546 ,43953 ,2019-10-03 12:45
Sep-19,5호선,2558,오금,87311 ,87425 ,18278 ,18343 ,2019-10-03 12:45
Sep-19,5호선,2559,개롱,154434 ,158384 ,47232 ,48265 ,2019-10-03 12:45
Sep-19,5호선,2560,거여,173738 ,159749 ,56159 ,54182 ,2019-10-03 12:45
Sep-19,5호선,2561,마천,107834 ,105792 ,48166 ,49987 ,2019-10-03 12:45
Sep-19,6호선,2611,응암,405794 ,394358 ,112161 ,110643 ,2019-10-03 12:45
Sep-19,6호선,2612,역촌,81937 ,100138 ,36110 ,34329 ,2019-10-03 12:45
Sep-19,6호선,2613,불광,109828 ,114173 ,41323 ,33462 ,2019-10-03 12:45
Sep-19,6호선,2614,독바위,63360 ,65094 ,20403 ,24714 ,2019-10-03 12:45
Sep-19,6호선,2615,연신내,28 ,0 ,0 ,0 ,2019-10-03 12:45
Sep-19,6호선,2616,구산,177076 ,118450 ,52932 ,52932 ,2019-10-03 12:45
Sep-19,6호선,2617,새절(신사),321686 ,299148 ,86709 ,87164 ,2019-10-03 12:45
Sep-19,6호선,2618,증산(명지대앞),235014 ,224480 ,70956 ,71003 ,2019-10-03 12:45
Sep-19,6호선,2619,디지털미디어시티,330746 ,365632 ,53404 ,53830 ,2019-10-03 12:45
Sep-19,6호선,2620,월드컵경기장(성산),152586 ,158667 ,57303 ,57670 ,2019-10-03 12:45
Sep-19,6호선,2621,마포구청,344456 ,299024 ,81380 ,73322 ,2019-10-03 12:45
Sep-19,6호선,2622,망원,329663 ,357227 ,85588 ,89548 ,2019-10-03 12:45
Sep-19,6호선,2623,합정,396522 ,362539 ,42411 ,38138 ,2019-10-03 12:45
Sep-19,6호선,2624,상수,287336 ,336136 ,22274 ,22659 ,2019-10-03 12:45
Sep-19,6호선,2625,광흥창(서강),215078 ,206716 ,55114 ,54305 ,2019-10-03 12:45
Sep-19,6호선,2626,대흥(서강대앞),220189 ,232161 ,48194 ,47299 ,2019-10-03 12:45
Sep-19,6호선,2627,공덕,448804 ,444436 ,72869 ,69169 ,2019-10-03 12:45
Sep-19,6호선,2628,효창공원앞,167358 ,151904 ,39117 ,36685 ,2019-10-03 12:45
Sep-19,6호선,2629,삼각지,183631 ,148815 ,17308 ,13667 ,2019-10-03 12:45
Sep-19,6호선,2630,녹사평(용산구청),155415 ,158083 ,19720 ,18583 ,2019-10-03 12:45
Sep-19,6호선,2631,이태원,422789 ,482307 ,32864 ,34207 ,2019-10-03 12:45
Sep-19,6호선,2632,한강진,223942 ,265967 ,15870 ,15768 ,2019-10-03 12:45
Sep-19,6호선,2633,버티고개,56070 ,49753 ,14429 ,16426 ,2019-10-03 12:45
Sep-19,6호선,2634,약수,85928 ,85757 ,24752 ,23771 ,2019-10-03 12:45
Sep-19,6호선,2635,청구,90002 ,95359 ,18979 ,23140 ,2019-10-03 12:45
Sep-19,6호선,2636,신당,208370 ,220312 ,38852 ,37533 ,2019-10-03 12:45
Sep-19,6호선,2637,동묘앞,202067 ,216452 ,67647 ,62338 ,2019-10-03 12:45
Sep-19,6호선,2638,창신,91286 ,74232 ,18096 ,17111 ,2019-10-03 12:45
Sep-19,6호선,2639,보문,192101 ,173867 ,32166 ,30497 ,2019-10-03 12:45
Sep-19,6호선,2640,안암(고대병원앞),397425 ,402785 ,36035 ,34317 ,2019-10-03 12:45
Sep-19,6호선,2641,고려대(종암),261005 ,249424 ,35692 ,35918 ,2019-10-03 12:45
Sep-19,6호선,2642,월곡(동덕여대),307360 ,288525 ,75772 ,74006 ,2019-10-03 12:45
Sep-19,6호선,2643,상월곡(한국과학기술연구원),157029 ,146663 ,42354 ,41592 ,2019-10-03 12:45
Sep-19,6호선,2644,돌곶이,199252 ,181990 ,58308 ,57175 ,2019-10-03 12:45
Sep-19,6호선,2645,석계,312748 ,319815 ,77591 ,78832 ,2019-10-03 12:45
Sep-19,6호선,2646,태릉입구,135340 ,168498 ,29743 ,31230 ,2019-10-03 12:45
Sep-19,6호선,2647,화랑대(서울여대입구),340214 ,252162 ,47366 ,42204 ,2019-10-03 12:45
Sep-19,6호선,2648,봉화산(서울의료원),236521 ,210887 ,53235 ,51974 ,2019-10-03 12:45
Sep-19,7호선,2711,장암,65532 ,22023 ,9637 ,6225 ,2019-10-03 12:45
Sep-19,7호선,2712,도봉산,245997 ,283309 ,44739 ,61451 ,2019-10-03 12:45
Sep-19,7호선,2713,수락산,303492 ,297015 ,89314 ,90140 ,2019-10-03 12:45
Sep-19,7호선,2714,마들,276951 ,251448 ,79190 ,78874 ,2019-10-03 12:45
Sep-19,7호선,2715,노원,487497 ,527238 ,114347 ,114398 ,2019-10-03 12:45
Sep-19,7호선,2716,중계,368145 ,331179 ,96054 ,93210 ,2019-10-03 12:45
Sep-19,7호선,2717,하계,464215 ,436106 ,106748 ,101389 ,2019-10-03 12:45
Sep-19,7호선,2718,공릉(서울과학기술대),313710 ,309163 ,69704 ,69466 ,2019-10-03 12:45
Sep-19,7호선,2719,태릉입구,234484 ,218874 ,42349 ,39928 ,2019-10-03 12:45
Sep-19,7호선,2720,먹골,242406 ,232635 ,59772 ,60328 ,2019-10-03 12:45
Sep-19,7호선,2721,중화,272997 ,263616 ,64655 ,64253 ,2019-10-03 12:45
Sep-19,7호선,2722,상봉(시외버스터미널),430574 ,410088 ,70886 ,67698 ,2019-10-03 12:45
Sep-19,7호선,2723,면목,390963 ,372981 ,93033 ,94463 ,2019-10-03 12:45
Sep-19,7호선,2724,사가정,369573 ,364380 ,95020 ,93503 ,2019-10-03 12:45
Sep-19,7호선,2725,용마산,145376 ,135956 ,35447 ,38893 ,2019-10-03 12:45
Sep-19,7호선,2726,중곡,240298 ,215936 ,60070 ,60519 ,2019-10-03 12:45
Sep-19,7호선,2727,군자(능동),347030 ,260055 ,77760 ,66639 ,2019-10-03 12:45
Sep-19,7호선,2728,어린이대공원(세종대),432932 ,443446 ,43467 ,42565 ,2019-10-03 12:45
Sep-19,7호선,2729,건대입구,406663 ,436978 ,56238 ,51642 ,2019-10-03 12:45
Sep-19,7호선,2730,뚝섬유원지,272943 ,263782 ,43489 ,43641 ,2019-10-03 12:45
Sep-19,7호선,2731,청담,472118 ,541019 ,71028 ,69088 ,2019-10-03 12:45
Sep-19,7호선,2732,강남구청,373427 ,421717 ,44663 ,45008 ,2019-10-03 12:45
Sep-19,7호선,2733,학동,534758 ,588154 ,58363 ,55269 ,2019-10-03 12:45
Sep-19,7호선,2734,논현,483696 ,533119 ,48766 ,48695 ,2019-10-03 12:45
Sep-19,7호선,2735,반포,158289 ,154767 ,34252 ,32722 ,2019-10-03 12:45
Sep-19,7호선,2736,고속터미널,545979 ,439231 ,83690 ,72778 ,2019-10-03 12:45
Sep-19,7호선,2737,내방,327620 ,335844 ,64740 ,63567 ,2019-10-03 12:45
Sep-19,7호선,2738,이수,402738 ,399649 ,77571 ,75190 ,2019-10-03 12:45
Sep-19,7호선,2739,남성,273378 ,248763 ,70447 ,69539 ,2019-10-03 12:45
Sep-19,7호선,2740,숭실대입구(살피재),419482 ,420459 ,59770 ,61715 ,2019-10-03 12:45
Sep-19,7호선,2741,상도,298394 ,296440 ,58899 ,55024 ,2019-10-03 12:45
Sep-19,7호선,2742,장승배기,241999 ,231095 ,74184 ,74856 ,2019-10-03 12:45
Sep-19,7호선,2743,신대방삼거리,399081 ,374758 ,91152 ,92014 ,2019-10-03 12:45
Sep-19,7호선,2744,보라매,229933 ,231061 ,43642 ,42936 ,2019-10-03 12:45
Sep-19,7호선,2745,신풍,273478 ,256824 ,66876 ,67347 ,2019-10-03 12:45
Sep-19,7호선,2746,대림(구로구청),283211 ,281501 ,36058 ,34969 ,2019-10-03 12:45
Sep-19,7호선,2747,남구로,404137 ,426700 ,59196 ,60021 ,2019-10-03 12:45
Sep-19,7호선,2748,가산디지털단지,1039642 ,1034175 ,71705 ,67579 ,2019-10-03 12:45
Sep-19,7호선,2749,철산,580928 ,597314 ,98394 ,98034 ,2019-10-03 12:45
Sep-19,7호선,2750,광명사거리,597527 ,577155 ,150697 ,153286 ,2019-10-03 12:45
Sep-19,7호선,2751,천왕,236988 ,212942 ,51675 ,50341 ,2019-10-03 12:45
Sep-19,7호선,2752,온수(성공회대입구),283031 ,275074 ,37932 ,36940 ,2019-10-03 12:45
Sep-19,7호선,2753,까치울,192304 ,183039 ,27761 ,27878 ,2019-10-03 12:45
Sep-19,7호선,2754,부천종합운동장,125520 ,102249 ,18189 ,17421 ,2019-10-03 12:45
Sep-19,7호선,2755,춘의,227615 ,219847 ,30338 ,29340 ,2019-10-03 12:45
Sep-19,7호선,2756,신중동,364601 ,364513 ,53821 ,52200 ,2019-10-03 12:45
Sep-19,7호선,2757,부천시청,318077 ,318982 ,51051 ,49505 ,2019-10-03 12:45
Sep-19,7호선,2758,상동,361680 ,377554 ,49414 ,49805 ,2019-10-03 12:45
Sep-19,7호선,2759,삼산체육관,129252 ,113584 ,26369 ,25071 ,2019-10-03 12:45
Sep-19,7호선,2760,굴포천,231907 ,244971 ,35480 ,35981 ,2019-10-03 12:45
Sep-19,7호선,2761,부평구청,312169 ,247667 ,30764 ,27973 ,2019-10-03 12:45
Sep-19,8호선,2811,암사,438390 ,376437 ,97436 ,95840 ,2019-10-03 12:45
Sep-19,8호선,2812,천호(풍납토성),425188 ,500678 ,88448 ,82209 ,2019-10-03 12:45
Sep-19,8호선,2813,강동구청,233532 ,237078 ,62652 ,63254 ,2019-10-03 12:45
Sep-19,8호선,2814,몽촌토성(평화의문),136930 ,147587 ,36082 ,35020 ,2019-10-03 12:45
Sep-19,8호선,2815,잠실(송파구청),370791 ,440358 ,69362 ,66453 ,2019-10-03 12:45
Sep-19,8호선,2816,석촌,172889 ,205372 ,50394 ,53894 ,2019-10-03 12:45
Sep-19,8호선,2817,송파,221829 ,207787 ,58729 ,57075 ,2019-10-03 12:45
Sep-19,8호선,2818,가락시장,163997 ,191656 ,60351 ,62282 ,2019-10-03 12:45
Sep-19,8호선,2819,문정,467316 ,487646 ,53099 ,52717 ,2019-10-03 12:45
Sep-19,8호선,2820,장지,456958 ,435743 ,73492 ,69848 ,2019-10-03 12:45
Sep-19,8호선,2821,복정,288137 ,235907 ,47082 ,42798 ,2019-10-03 12:45
Sep-19,8호선,2822,산성,137845 ,131428 ,33502 ,36079 ,2019-10-03 12:45
Sep-19,8호선,2823,남한산성입구(성남법원.검찰청),352943 ,325633 ,74853 ,70982 ,2019-10-03 12:45
Sep-19,8호선,2824,단대오거리,260919 ,236780 ,64498 ,61322 ,2019-10-03 12:45
Sep-19,8호선,2825,신흥,96333 ,104523 ,41475 ,44027 ,2019-10-03 12:45
Sep-19,8호선,2826,수진,116815 ,104527 ,48819 ,47753 ,2019-10-03 12:45
Sep-19,8호선,2827,모란,87482 ,69565 ,51597 ,38164 ,2019-10-03 12:45
Sep-19,9호선,4101,개화,158772 ,101406 ,35616 ,27954 ,2019-10-03 12:45
Sep-19,9호선,4102,김포공항,256884 ,330587 ,21406 ,24120 ,2019-10-03 12:45
Sep-19,9호선,4103,공항시장,60880 ,68133 ,22317 ,24541 ,2019-10-03 12:45
Sep-19,9호선,4104,신방화,160412 ,154556 ,41178 ,41146 ,2019-10-03 12:45
Sep-19,9호선,4105,마곡나루,252975 ,255880 ,23131 ,22663 ,2019-10-03 12:45
Sep-19,9호선,4106,양천향교,204716 ,209072 ,40024 ,39484 ,2019-10-03 12:45
Sep-19,9호선,4107,가양,472431 ,455619 ,121252 ,117737 ,2019-10-03 12:45
Sep-19,9호선,4108,증미,148519 ,149576 ,41866 ,42377 ,2019-10-03 12:45
Sep-19,9호선,4109,등촌,213259 ,215019 ,77613 ,78208 ,2019-10-03 12:45
Sep-19,9호선,4110,염창,425414 ,408553 ,64056 ,63703 ,2019-10-03 12:45
Sep-19,9호선,4111,신목동,95086 ,84036 ,19850 ,18720 ,2019-10-03 12:45
Sep-19,9호선,4112,선유도,168303 ,163930 ,23924 ,23247 ,2019-10-03 12:45
Sep-19,9호선,4113,당산,472036 ,464905 ,65927 ,61281 ,2019-10-03 12:45
Sep-19,9호선,4114,국회의사당,382765 ,380839 ,52388 ,46290 ,2019-10-03 12:45
Sep-19,9호선,4115,여의도,573386 ,567160 ,43054 ,40587 ,2019-10-03 12:45
Sep-19,9호선,4116,샛강,116769 ,121135 ,25053 ,24943 ,2019-10-03 12:45
Sep-19,9호선,4117,노량진,748386 ,771695 ,94658 ,96391 ,2019-10-03 12:45
Sep-19,9호선,4118,노들,103933 ,88390 ,32943 ,30526 ,2019-10-03 12:45
Sep-19,9호선,4119,흑석(중앙대입구),251268 ,253828 ,55608 ,56443 ,2019-10-03 12:45
Sep-19,9호선,4120,동작(현충원),50575 ,39397 ,14634 ,12513 ,2019-10-03 12:45
Sep-19,9호선,4121,구반포,63289 ,66751 ,22854 ,23456 ,2019-10-03 12:45
Sep-19,9호선,4122,신반포,72740 ,73313 ,21444 ,21645 ,2019-10-03 12:45
Sep-19,9호선,4123,고속터미널,372332 ,577486 ,52599 ,62766 ,2019-10-03 12:45
Sep-19,9호선,4124,사평,74965 ,72065 ,17672 ,17930 ,2019-10-03 12:45
Sep-19,9호선,4125,신논현,870397 ,886870 ,54919 ,52226 ,2019-10-03 12:45
Sep-19,공항철도 1호선,4201,서울역,369020 ,311340 ,34285 ,30478 ,2019-10-03 12:45
Sep-19,공항철도 1호선,4202,공덕,60564 ,81963 ,6780 ,7876 ,2019-10-03 12:45
Sep-19,공항철도 1호선,4203,홍대입구,347404 ,337130 ,17626 ,16875 ,2019-10-03 12:45
Sep-19,공항철도 1호선,4204,디지털미디어시티,321385 ,284168 ,22712 ,20489 ,2019-10-03 12:45
Sep-19,공항철도 1호선,4206,마곡나루,154613 ,138381 ,8359 ,8532 ,2019-10-03 12:45
Sep-19,공항철도 1호선,4207,김포공항,307707 ,187532 ,20841 ,14733 ,2019-10-03 12:45
Sep-19,공항철도 1호선,4208,계양,290449 ,263816 ,30517 ,29502 ,2019-10-03 12:45
Sep-19,공항철도 1호선,4209,검암,214725 ,211388 ,18642 ,19059 ,2019-10-03 12:45
Sep-19,공항철도 1호선,4210,청라국제도시,177898 ,167397 ,11423 ,11351 ,2019-10-03 12:45
Sep-19,공항철도 1호선,4211,운서,186002 ,194236 ,24380 ,24199 ,2019-10-03 12:45
Sep-19,공항철도 1호선,4212,공항화물청사,58950 ,66926 ,7667 ,7469 ,2019-10-03 12:45
Sep-19,공항철도 1호선,4213,인천공항1터미널,451794 ,442226 ,36979 ,36307 ,2019-10-03 12:45
Sep-19,공항철도 1호선,4215,인천공항2터미널,155533 ,136439 ,16174 ,14625 ,2019-10-03 12:45
Sep-19,공항철도 1호선,4217,영종,64112 ,66192 ,16482 ,17048 ,2019-10-03 12:45
Sep-19,9호선2~3단계,4126,언주,223272 ,220734 ,24931 ,24467 ,2019-10-03 12:45
Sep-19,9호선2~3단계,4127,선정릉,211579 ,229496 ,24333 ,24636 ,2019-10-03 12:45
Sep-19,9호선2~3단계,4128,삼성중앙,141302 ,144656 ,22949 ,22925 ,2019-10-03 12:45
Sep-19,9호선2~3단계,4129,봉은사,435109 ,439326 ,47066 ,44611 ,2019-10-03 12:45
Sep-19,9호선2~3단계,4130,종합운동장,110374 ,100686 ,17488 ,15210 ,2019-10-03 12:45
Sep-19,9호선2~3단계,4131,삼전,132282 ,127424 ,29845 ,29143 ,2019-10-03 12:45
Sep-19,9호선2~3단계,4132,석촌고분,111190 ,108782 ,30288 ,30140 ,2019-10-03 12:45
Sep-19,9호선2~3단계,4133,석촌,168195 ,138984 ,28005 ,23719 ,2019-10-03 12:45
Sep-19,9호선2~3단계,4134,송파나루,86186 ,92135 ,22353 ,22907 ,2019-10-03 12:45
Sep-19,9호선2~3단계,4135,한성백제,57216 ,50679 ,13477 ,12182 ,2019-10-03 12:45
Sep-19,9호선2~3단계,4136,올림픽공원(한국체대),188559 ,192800 ,19034 ,18819 ,2019-10-03 12:45
Sep-19,9호선2~3단계,4137,둔촌오륜,24609 ,21120 ,5954 ,5862 ,2019-10-03 12:45
Sep-19,9호선2~3단계,4138,중앙보훈병원,165880 ,147005 ,63654 ,64080 ,2019-10-03 12:45
Sep-19,우이신설선,4701,북한산우이,57032 ,49492 ,33743 ,34264 ,2019-10-03 12:45
Sep-19,우이신설선,4702,솔밭공원,44376 ,40296 ,27415 ,28455 ,2019-10-03 12:45
Sep-19,우이신설선,4703,4.19민주묘지,71959 ,70973 ,31068 ,28508 ,2019-10-03 12:45
Sep-19,우이신설선,4704,가오리,76713 ,70777 ,45130 ,46393 ,2019-10-03 12:45
Sep-19,우이신설선,4705,화계,58891 ,51239 ,40135 ,41078 ,2019-10-03 12:45
Sep-19,우이신설선,4706,삼양,33592 ,33869 ,26059 ,29257 ,2019-10-03 12:45
Sep-19,우이신설선,4707,삼양사거리,38087 ,37878 ,35035 ,35686 ,2019-10-03 12:45
Sep-19,우이신설선,4708,솔샘,127313 ,113636 ,35598 ,36228 ,2019-10-03 12:45
Sep-19,우이신설선,4709,북한산보국문,143298 ,129391 ,39899 ,39745 ,2019-10-03 12:45
Sep-19,우이신설선,4710,정릉,89258 ,76793 ,43454 ,40966 ,2019-10-03 12:45
Sep-19,우이신설선,4711,성신여대입구(돈암),76761 ,92729 ,31089 ,29584 ,2019-10-03 12:45
Sep-19,우이신설선,4712,보문,31716 ,31658 ,15254 ,15472 ,2019-10-03 12:45
Sep-19,우이신설선,4713,신설동,37626 ,39471 ,22150 ,20368 ,2019-10-03 12:45
